<?xml version="1.0"?>
<extension type="module" version="1.6.0" method="upgrade">
	<name>JPro Custom HTML</name>
	<creationDate>August 2015</creationDate>
	<copyright>Copyright (C) 2015 Joomla Pro. All rights reserved.</copyright>
	<license>http://www.gnu.org/licenses/gpl-2.0.html</license>
	<author>Joomla Pro</author>
	<authorEmail>admin@joomla-pro.org</authorEmail>
	<authorUrl>http://www.joomla-pro.org</authorUrl>
	<version>1.0</version>
	<description>
	<![CDATA[
	<link rel="stylesheet" href="http://joomla-pro.org/templates/install.css"/>
	<div id="jpro-module">
	    <h1 id="module-thanks">Thanks for install our Module!</h1>
	    <h2 id="module-name">JPro Custom HTML v1.0</h2>
	    <h3 id="module-joomla">Free Module for Joomla! 3.x</h3>
	    <p id="module-desc">
	        JPro Custom HTML module for Joomla! allows you to enter Text, HTML, JavaScript or CSS code for display on any module position or even the area of your site. Using any editor available in Joomla!, you can edit complex HTML designs or enter plain-text code for custom displays, additional CSS stylings, embeded flash elements or external javaScript programs. What's more, the module supports any Joomla! content plugin allowing you to customize your content even more.
	    </p>
	    <span id="module-contactus">
	        Visit our official website <a href="">http://joomla-pro.org</a> or contact us at <a href="mailto:admin@joomla-pro.org">admin@joomla-pro.org</a>
	    </span>
	    <span id="module-license">This module is licensed under GNU General Public License version 2 (GPLv2)</span>
	</div>
	]]> 
		
	</description>
	<files>
		<filename module="mod_jpro_custom_html">mod_jpro_custom_html.php</filename>
		<filename>index.html</filename>
	</files>
	<config>
		<fields name="params">
			<fieldset name="basic">
				<field name="moduleclass_sfx" type="text" default="" label="Module Class Suffix" description="PARAMMODULECLASSSUFFIX" />
				<field name="mode" type="list" default="1" label="Content Mode" description="Select the method to apply the text in the HTML document." >
					<option value="1">HTML</option>
					<option value="2">CSS in &amp;lt;head&amp;gt; section</option>
					<option value="3">JavaScript in &amp;lt;head&amp;gt; section</option>
				</field>
				<field name="plugins" type="radio" default="0" label="Enable Content Plugins" description="Apply Joomla! Content Plugins to custom HTML." >
					<option value="0">No</option>
					<option value="1">Yes</option>
				</field>
				<field name="html" type="textarea" filter="RAW" default="" rows="20" cols="60" label="Custom HTML Output" description="" />
			</fieldset>
		</fields>
	</config>
</extension>